{"1": 0.7030975114131134, "2": 1.80005827204275, "3": 2.644044871126298, "4": 3.4114776910697118, "5": 4.14106910239497, "6": 4.829832583271571, "7": 5.570174888652846, "8": 6.252289165389881, "9": 6.93921518560041, "10": 7.628731611460758}