{"1": 0.6981347220709843, "2": 1.8164520818184267, "3": 2.658159431488745, "4": 3.4081729953985804, "5": 4.13804241748782, "6": 4.842611042003125, "7": 5.5342981666637385, "8": 6.25484752328169, "9": 6.937498530231335, "10": 7.631926207643746}